-- phpMyAdmin SQL Dump
-- version 4.6.4
-- https://www.phpmyadmin.net/
--
-- Host: 127.0.0.1
-- Generation Time: Dec 21, 2018 at 05:50 PM
-- Server version: 5.7.14
-- PHP Version: 5.6.25

SET SQL_MODE = "NO_AUTO_VALUE_ON_ZERO";
SET time_zone = "+00:00";


/*!40101 SET @OLD_CHARACTER_SET_CLIENT=@@CHARACTER_SET_CLIENT */;
/*!40101 SET @OLD_CHARACTER_SET_RESULTS=@@CHARACTER_SET_RESULTS */;
/*!40101 SET @OLD_COLLATION_CONNECTION=@@COLLATION_CONNECTION */;
/*!40101 SET NAMES utf8mb4 */;

--
-- Database: `minute_burger`
--

-- --------------------------------------------------------

--
-- Table structure for table `graph_result`
--

CREATE TABLE `graph_result` (
  `order_1` int(11) NOT NULL,
  `id` int(20) NOT NULL,
  `name` varchar(60) NOT NULL,
  `category` varchar(60) NOT NULL,
  `price_1` float NOT NULL,
  `total` int(10) NOT NULL,
  `total_cost` int(10) NOT NULL,
  `date_1` varchar(60) NOT NULL,
  `time_1` varchar(60) NOT NULL
) ENGINE=MyISAM DEFAULT CHARSET=latin1;

--
-- Dumping data for table `graph_result`
--

INSERT INTO `graph_result` (`order_1`, `id`, `name`, `category`, `price_1`, `total`, `total_cost`, `date_1`, `time_1`) VALUES
(79, 70000004, 'CHICKEN TIME ', 'BURGER', 32, 5, 160, '2018-03-12', '0'),
(78, 70000003, 'DOUBLE MINUTE BURGER', 'BURGER', 44, 5, 220, '2018-03-12', '0'),
(77, 70000002, 'CHEESE BURGER', 'BURGER', 38, 10, 380, '2018-03-12', '0'),
(76, 70000001, 'MINUTE BURGER', 'BURGER', 28, 10, 280, '2018-03-12', '0'),
(75, 70000015, 'SUPREME CHEESE', 'OTHER', 10, 0, 0, '2018-03-11', '0'),
(74, 70000014, 'SMOOTH BLEND COFFE', 'DRINKS', 11, 0, 0, '2018-03-11', '0'),
(73, 70000013, 'MINERAL WATER', 'DRINKS', 15, 0, 0, '2018-03-11', '0'),
(72, 70000012, 'ICED CHOCO', 'DRINKS', 19, 0, 0, '2018-03-11', '0'),
(71, 70000011, 'FRUIT TWIST', 'DRINKS', 14, 0, 0, '2018-03-11', '0'),
(70, 70000010, 'CALAMANTEA', 'DRINKS', 14, 0, 0, '2018-03-11', '0'),
(69, 70000009, 'BACON CHEESE BURGER', 'BURGER', 65, 0, 0, '2018-03-11', '0'),
(68, 70000008, 'CHEESY DOG HOTDOG', 'HOTDOG', 33, 0, 0, '2018-03-11', '0'),
(67, 70000007, 'NEW YORK HOTDOG', 'HOTDOG', 44, 0, 0, '2018-03-11', '0'),
(66, 70000006, 'DOUBLE CHICKEN TIME', 'BURGER', 44, 5, 220, '2018-03-11', '0'),
(65, 70000005, 'CHICKEN TIME WITH CHEESE', 'BURGER', 42, 5, 210, '2018-03-11', '0'),
(64, 70000004, 'CHICKEN TIME ', 'BURGER', 32, 10, 320, '2018-03-11', '0'),
(63, 70000003, 'DOUBLE MINUTE BURGER', 'BURGER', 44, 5, 220, '2018-03-11', '0'),
(62, 70000002, 'CHEESE BURGER', 'BURGER', 38, 10, 380, '2018-03-11', '0'),
(61, 70000001, 'MINUTE BURGER', 'BURGER', 28, 10, 280, '2018-03-11', '0'),
(80, 70000005, 'CHICKEN TIME WITH CHEESE', 'BURGER', 42, 5, 210, '2018-03-12', '0'),
(81, 70000006, 'DOUBLE CHICKEN TIME', 'BURGER', 44, 5, 220, '2018-03-12', '0'),
(82, 70000007, 'NEW YORK HOTDOG', 'HOTDOG', 44, 5, 220, '2018-03-12', '0'),
(83, 70000008, 'CHEESY DOG HOTDOG', 'HOTDOG', 33, 5, 165, '2018-03-12', '0'),
(84, 70000009, 'BACON CHEESE BURGER', 'BURGER', 65, 5, 325, '2018-03-12', '0'),
(85, 70000010, 'CALAMANTEA', 'DRINKS', 14, 5, 70, '2018-03-12', '0'),
(86, 70000011, 'FRUIT TWIST', 'DRINKS', 14, 5, 70, '2018-03-12', '0'),
(87, 70000012, 'ICED CHOCO', 'DRINKS', 19, 5, 95, '2018-03-12', '0'),
(88, 70000013, 'MINERAL WATER', 'DRINKS', 15, 5, 75, '2018-03-12', '0'),
(89, 70000014, 'SMOOTH BLEND COFFE', 'DRINKS', 11, 5, 55, '2018-03-12', '0'),
(90, 70000015, 'SUPREME CHEESE', 'OTHER', 10, 5, 50, '2018-03-12', '0'),
(91, 70000001, 'MINUTE BURGER', 'BURGER', 28, 0, 0, '2018-04-10', '0'),
(92, 70000002, 'CHEESE BURGER', 'BURGER', 38, 0, 0, '2018-04-10', '0'),
(93, 70000003, 'DOUBLE MINUTE BURGER', 'BURGER', 44, 0, 0, '2018-04-10', '0'),
(94, 70000004, 'CHICKEN TIME ', 'BURGER', 32, 0, 0, '2018-04-10', '0'),
(95, 70000005, 'CHICKEN TIME WITH CHEESE', 'BURGER', 42, 0, 0, '2018-04-10', '0'),
(96, 70000006, 'DOUBLE CHICKEN TIME', 'BURGER', 44, 0, 0, '2018-04-10', '0'),
(97, 70000007, 'NEW YORK HOTDOG', 'HOTDOG', 44, 0, 0, '2018-04-10', '0'),
(98, 70000008, 'CHEESY DOG HOTDOG', 'HOTDOG', 33, 0, 0, '2018-04-10', '0'),
(99, 70000009, 'BACON CHEESE BURGER', 'BURGER', 65, 0, 0, '2018-04-10', '0'),
(100, 70000010, 'CALAMANTEA', 'DRINKS', 14, 0, 0, '2018-04-10', '0'),
(101, 70000011, 'FRUIT TWIST', 'DRINKS', 14, 0, 0, '2018-04-10', '0'),
(102, 70000012, 'ICED CHOCO', 'DRINKS', 19, 0, 0, '2018-04-10', '0'),
(103, 70000013, 'MINERAL WATER', 'DRINKS', 15, 0, 0, '2018-04-10', '0'),
(104, 70000014, 'SMOOTH BLEND COFFE', 'DRINKS', 11, 0, 0, '2018-04-10', '0'),
(105, 70000015, 'SUPREME CHEESE', 'OTHER', 10, 0, 0, '2018-04-10', '0'),
(106, 70000001, 'MINUTE BURGER', 'BURGER', 28, 0, 0, '2018-04-13', '0'),
(107, 70000002, 'CHEESE BURGER', 'BURGER', 38, 0, 0, '2018-04-13', '0'),
(108, 70000003, 'DOUBLE MINUTE BURGER', 'BURGER', 44, 0, 0, '2018-04-13', '0'),
(109, 70000004, 'CHICKEN TIME ', 'BURGER', 32, 0, 0, '2018-04-13', '0'),
(110, 70000005, 'CHICKEN TIME WITH CHEESE', 'BURGER', 42, 0, 0, '2018-04-13', '0'),
(111, 70000006, 'DOUBLE CHICKEN TIME', 'BURGER', 44, 0, 0, '2018-04-13', '0'),
(112, 70000007, 'NEW YORK HOTDOG', 'HOTDOG', 44, 0, 0, '2018-04-13', '0'),
(113, 70000008, 'CHEESY DOG HOTDOG', 'HOTDOG', 33, 0, 0, '2018-04-13', '0'),
(114, 70000009, 'BACON CHEESE BURGER', 'BURGER', 65, 0, 0, '2018-04-13', '0'),
(115, 70000010, 'CALAMANTEA', 'DRINKS', 14, 0, 0, '2018-04-13', '0'),
(116, 70000011, 'FRUIT TWIST', 'DRINKS', 14, 0, 0, '2018-04-13', '0'),
(117, 70000012, 'ICED CHOCO', 'DRINKS', 19, 0, 0, '2018-04-13', '0'),
(118, 70000013, 'MINERAL WATER', 'DRINKS', 15, 0, 0, '2018-04-13', '0'),
(119, 70000014, 'SMOOTH BLEND COFFE', 'DRINKS', 11, 0, 0, '2018-04-13', '0'),
(120, 70000015, 'SUPREME CHEESE', 'OTHER', 10, 0, 0, '2018-04-13', '0'),
(121, 70000001, 'MINUTE BURGER', 'BURGER', 28, 0, 0, '2018-04-17', '0'),
(122, 70000002, 'CHEESE BURGER', 'BURGER', 38, 0, 0, '2018-04-17', '0'),
(123, 70000003, 'DOUBLE MINUTE BURGER', 'BURGER', 44, 0, 0, '2018-04-17', '0'),
(124, 70000004, 'CHICKEN TIME ', 'BURGER', 32, 0, 0, '2018-04-17', '0'),
(125, 70000005, 'CHICKEN TIME WITH CHEESE', 'BURGER', 42, 0, 0, '2018-04-17', '0'),
(126, 70000006, 'DOUBLE CHICKEN TIME', 'BURGER', 44, 0, 0, '2018-04-17', '0'),
(127, 70000007, 'NEW YORK HOTDOG', 'HOTDOG', 44, 0, 0, '2018-04-17', '0'),
(128, 70000008, 'CHEESY DOG HOTDOG', 'HOTDOG', 33, 0, 0, '2018-04-17', '0'),
(129, 70000009, 'BACON CHEESE BURGER', 'BURGER', 65, 0, 0, '2018-04-17', '0'),
(130, 70000010, 'CALAMANTEA', 'DRINKS', 14, 0, 0, '2018-04-17', '0'),
(131, 70000011, 'FRUIT TWIST', 'DRINKS', 14, 0, 0, '2018-04-17', '0'),
(132, 70000012, 'ICED CHOCO', 'DRINKS', 19, 0, 0, '2018-04-17', '0'),
(133, 70000013, 'MINERAL WATER', 'DRINKS', 15, 0, 0, '2018-04-17', '0'),
(134, 70000014, 'SMOOTH BLEND COFFE', 'DRINKS', 11, 0, 0, '2018-04-17', '0'),
(135, 70000015, 'SUPREME CHEESE', 'OTHER', 10, 0, 0, '2018-04-17', '0'),
(136, 70000001, 'MINUTE BURGER', 'BURGER', 28, 0, 0, '2018-04-18', '0'),
(137, 70000002, 'CHEESE BURGER', 'BURGER', 38, 0, 0, '2018-04-18', '0'),
(138, 70000003, 'DOUBLE MINUTE BURGER', 'BURGER', 44, 0, 0, '2018-04-18', '0'),
(139, 70000004, 'CHICKEN TIME ', 'BURGER', 32, 0, 0, '2018-04-18', '0'),
(140, 70000005, 'CHICKEN TIME WITH CHEESE', 'BURGER', 42, 0, 0, '2018-04-18', '0'),
(141, 70000006, 'DOUBLE CHICKEN TIME', 'BURGER', 44, 0, 0, '2018-04-18', '0'),
(142, 70000007, 'NEW YORK HOTDOG', 'HOTDOG', 44, 0, 0, '2018-04-18', '0'),
(143, 70000008, 'CHEESY DOG HOTDOG', 'HOTDOG', 33, 0, 0, '2018-04-18', '0'),
(144, 70000009, 'BACON CHEESE BURGER', 'BURGER', 65, 0, 0, '2018-04-18', '0'),
(145, 70000010, 'CALAMANTEA', 'DRINKS', 14, 0, 0, '2018-04-18', '0'),
(146, 70000011, 'FRUIT TWIST', 'DRINKS', 14, 0, 0, '2018-04-18', '0'),
(147, 70000012, 'ICED CHOCO', 'DRINKS', 19, 0, 0, '2018-04-18', '0'),
(148, 70000013, 'MINERAL WATER', 'DRINKS', 15, 0, 0, '2018-04-18', '0'),
(149, 70000014, 'SMOOTH BLEND COFFE', 'DRINKS', 11, 0, 0, '2018-04-18', '0'),
(150, 70000015, 'SUPREME CHEESE', 'OTHER', 10, 0, 0, '2018-04-18', '0'),
(151, 70000001, 'MINUTE BURGER', 'BURGER', 28, 52, 1456, '2018-04-19', '0'),
(152, 70000002, 'CHEESE BURGER', 'BURGER', 38, 0, 0, '2018-04-19', '0'),
(153, 70000003, 'DOUBLE MINUTE BURGER', 'BURGER', 44, 0, 0, '2018-04-19', '0'),
(154, 70000004, 'CHICKEN TIME ', 'BURGER', 32, 0, 0, '2018-04-19', '0'),
(155, 70000005, 'CHICKEN TIME WITH CHEESE', 'BURGER', 42, 0, 0, '2018-04-19', '0'),
(156, 70000006, 'DOUBLE CHICKEN TIME', 'BURGER', 44, 0, 0, '2018-04-19', '0'),
(157, 70000007, 'NEW YORK HOTDOG', 'HOTDOG', 44, 0, 0, '2018-04-19', '0'),
(158, 70000008, 'CHEESY DOG HOTDOG', 'HOTDOG', 33, 0, 0, '2018-04-19', '0'),
(159, 70000009, 'BACON CHEESE BURGER', 'BURGER', 65, 0, 0, '2018-04-19', '0'),
(160, 70000010, 'CALAMANTEA', 'DRINKS', 14, 0, 0, '2018-04-19', '0'),
(161, 70000011, 'FRUIT TWIST', 'DRINKS', 14, 0, 0, '2018-04-19', '0'),
(162, 70000012, 'ICED CHOCO', 'DRINKS', 19, 0, 0, '2018-04-19', '0'),
(163, 70000013, 'MINERAL WATER', 'DRINKS', 15, 0, 0, '2018-04-19', '0'),
(164, 70000014, 'SMOOTH BLEND COFFE', 'DRINKS', 11, 0, 0, '2018-04-19', '0'),
(165, 70000015, 'SUPREME CHEESE', 'OTHER', 10, 2, 20, '2018-04-19', '0'),
(166, 70000001, 'MINUTE BURGER', 'BURGER', 28, 0, 0, '2018-05-03', '0'),
(167, 70000002, 'CHEESE BURGER', 'BURGER', 38, 0, 0, '2018-05-03', '0'),
(168, 70000003, 'DOUBLE MINUTE BURGER', 'BURGER', 44, 0, 0, '2018-05-03', '0'),
(169, 70000004, 'CHICKEN TIME ', 'BURGER', 32, 0, 0, '2018-05-03', '0'),
(170, 70000005, 'CHICKEN TIME WITH CHEESE', 'BURGER', 42, 0, 0, '2018-05-03', '0'),
(171, 70000006, 'DOUBLE CHICKEN TIME', 'BURGER', 44, 0, 0, '2018-05-03', '0'),
(172, 70000007, 'NEW YORK HOTDOG', 'HOTDOG', 44, 0, 0, '2018-05-03', '0'),
(173, 70000008, 'CHEESY DOG HOTDOG', 'HOTDOG', 33, 0, 0, '2018-05-03', '0'),
(174, 70000009, 'BACON CHEESE BURGER', 'BURGER', 65, 0, 0, '2018-05-03', '0'),
(175, 70000010, 'CALAMANTEA', 'DRINKS', 14, 0, 0, '2018-05-03', '0'),
(176, 70000011, 'FRUIT TWIST', 'DRINKS', 14, 0, 0, '2018-05-03', '0'),
(177, 70000012, 'ICED CHOCO', 'DRINKS', 19, 0, 0, '2018-05-03', '0'),
(178, 70000013, 'MINERAL WATER', 'DRINKS', 15, 0, 0, '2018-05-03', '0'),
(179, 70000014, 'SMOOTH BLEND COFFE', 'DRINKS', 11, 0, 0, '2018-05-03', '0'),
(180, 70000015, 'SUPREME CHEESE', 'OTHER', 10, 0, 0, '2018-05-03', '0'),
(181, 70000016, 'GABRIEL', 'BURGER', 25, 0, 0, '2018-05-03', '0'),
(182, 70000001, 'MINUTE BURGER', 'BURGER', 28, 2, 56, '2018-10-02', '0'),
(183, 70000002, 'CHEESE BURGER', 'BURGER', 38, 0, 0, '2018-10-02', '0'),
(184, 70000003, 'DOUBLE MINUTE BURGER', 'BURGER', 44, 0, 0, '2018-10-02', '0'),
(185, 70000004, 'CHICKEN TIME ', 'BURGER', 32, 0, 0, '2018-10-02', '0'),
(186, 70000005, 'CHICKEN TIME WITH CHEESE', 'BURGER', 42, 0, 0, '2018-10-02', '0'),
(187, 70000006, 'DOUBLE CHICKEN TIME', 'BURGER', 44, 0, 0, '2018-10-02', '0'),
(188, 70000007, 'NEW YORK HOTDOG', 'HOTDOG', 44, 0, 0, '2018-10-02', '0'),
(189, 70000008, 'CHEESY DOG HOTDOG', 'HOTDOG', 33, 0, 0, '2018-10-02', '0'),
(190, 70000009, 'BACON CHEESE BURGER', 'BURGER', 65, 0, 0, '2018-10-02', '0'),
(191, 70000010, 'CALAMANTEA', 'DRINKS', 14, 0, 0, '2018-10-02', '0'),
(192, 70000011, 'FRUIT TWIST', 'DRINKS', 14, 0, 0, '2018-10-02', '0'),
(193, 70000012, 'ICED CHOCO', 'DRINKS', 19, 0, 0, '2018-10-02', '0'),
(194, 70000013, 'MINERAL WATER', 'DRINKS', 15, 0, 0, '2018-10-02', '0'),
(195, 70000014, 'SMOOTH BLEND COFFE', 'DRINKS', 11, 0, 0, '2018-10-02', '0'),
(196, 70000015, 'SUPREME CHEESE', 'OTHER', 10, 0, 0, '2018-10-02', '0'),
(197, 70000016, 'GABRIEL', 'BURGER', 25, 0, 0, '2018-10-02', '0'),
(198, 70000001, 'MINUTE BURGER', 'BURGER', 28, 0, 0, '2018-12-22', '0'),
(199, 70000002, 'CHEESE BURGER', 'BURGER', 38, 0, 0, '2018-12-22', '0'),
(200, 70000003, 'DOUBLE MINUTE BURGER', 'BURGER', 44, 0, 0, '2018-12-22', '0'),
(201, 70000004, 'CHICKEN TIME ', 'BURGER', 32, 0, 0, '2018-12-22', '0'),
(202, 70000005, 'CHICKEN TIME WITH CHEESE', 'BURGER', 42, 0, 0, '2018-12-22', '0'),
(203, 70000006, 'DOUBLE CHICKEN TIME', 'BURGER', 44, 0, 0, '2018-12-22', '0'),
(204, 70000007, 'NEW YORK HOTDOG', 'HOTDOG', 44, 0, 0, '2018-12-22', '0'),
(205, 70000008, 'CHEESY DOG HOTDOG', 'HOTDOG', 33, 0, 0, '2018-12-22', '0'),
(206, 70000009, 'BACON CHEESE BURGER', 'BURGER', 65, 0, 0, '2018-12-22', '0'),
(207, 70000010, 'CALAMANTEA', 'DRINKS', 14, 0, 0, '2018-12-22', '0'),
(208, 70000011, 'FRUIT TWIST', 'DRINKS', 14, 0, 0, '2018-12-22', '0'),
(209, 70000012, 'ICED CHOCO', 'DRINKS', 19, 0, 0, '2018-12-22', '0'),
(210, 70000013, 'MINERAL WATER', 'DRINKS', 15, 0, 0, '2018-12-22', '0'),
(211, 70000014, 'SMOOTH BLEND COFFE', 'DRINKS', 11, 0, 0, '2018-12-22', '0'),
(212, 70000015, 'SUPREME CHEESE', 'OTHER', 10, 0, 0, '2018-12-22', '0'),
(213, 70000016, 'GABRIEL', 'BURGER', 25, 0, 0, '2018-12-22', '0'),
(214, 70000017, 'BURGER NI JANJAN', 'BURGER', 90, 0, 0, '2018-12-22', '0');

-- --------------------------------------------------------

--
-- Table structure for table `graph_result_month`
--

CREATE TABLE `graph_result_month` (
  `order_1` int(11) NOT NULL,
  `id` int(20) NOT NULL,
  `name` varchar(60) NOT NULL,
  `category` varchar(60) NOT NULL,
  `price_1` float NOT NULL,
  `total` int(10) NOT NULL,
  `total_cost` int(10) NOT NULL,
  `month` varchar(10) NOT NULL,
  `month_name` varchar(60) NOT NULL
) ENGINE=MyISAM DEFAULT CHARSET=latin1;

--
-- Dumping data for table `graph_result_month`
--

INSERT INTO `graph_result_month` (`order_1`, `id`, `name`, `category`, `price_1`, `total`, `total_cost`, `month`, `month_name`) VALUES
(75, 70000015, 'SUPREME CHEESE', 'OTHER', 10, 5, 50, '2018-03', 'Mar'),
(74, 70000014, 'SMOOTH BLEND COFFE', 'DRINKS', 11, 5, 55, '2018-03', 'Mar'),
(73, 70000013, 'MINERAL WATER', 'DRINKS', 15, 5, 75, '2018-03', 'Mar'),
(72, 70000012, 'ICED CHOCO', 'DRINKS', 19, 5, 95, '2018-03', 'Mar'),
(71, 70000011, 'FRUIT TWIST', 'DRINKS', 14, 5, 70, '2018-03', 'Mar'),
(70, 70000010, 'CALAMANTEA', 'DRINKS', 14, 5, 70, '2018-03', 'Mar'),
(69, 70000009, 'BACON CHEESE BURGER', 'BURGER', 65, 5, 325, '2018-03', 'Mar'),
(68, 70000008, 'CHEESY DOG HOTDOG', 'HOTDOG', 33, 5, 165, '2018-03', 'Mar'),
(66, 70000006, 'DOUBLE CHICKEN TIME', 'BURGER', 44, 10, 440, '2018-03', 'Mar'),
(67, 70000007, 'NEW YORK HOTDOG', 'HOTDOG', 44, 5, 220, '2018-03', 'Mar'),
(65, 70000005, 'CHICKEN TIME WITH CHEESE', 'BURGER', 42, 10, 420, '2018-03', 'Mar'),
(64, 70000004, 'CHICKEN TIME ', 'BURGER', 32, 15, 480, '2018-03', 'Mar'),
(63, 70000003, 'DOUBLE MINUTE BURGER', 'BURGER', 44, 10, 440, '2018-03', 'Mar'),
(61, 70000001, 'MINUTE BURGER', 'BURGER', 28, 20, 560, '2018-03', 'Mar'),
(62, 70000002, 'CHEESE BURGER', 'BURGER', 38, 20, 760, '2018-03', 'Mar'),
(76, 70000001, 'MINUTE BURGER', 'BURGER', 28, 52, 1456, '2018-04', 'Apr'),
(77, 70000002, 'CHEESE BURGER', 'BURGER', 38, 0, 0, '2018-04', 'Apr'),
(78, 70000003, 'DOUBLE MINUTE BURGER', 'BURGER', 44, 0, 0, '2018-04', 'Apr'),
(79, 70000004, 'CHICKEN TIME ', 'BURGER', 32, 0, 0, '2018-04', 'Apr'),
(80, 70000005, 'CHICKEN TIME WITH CHEESE', 'BURGER', 42, 0, 0, '2018-04', 'Apr'),
(81, 70000006, 'DOUBLE CHICKEN TIME', 'BURGER', 44, 0, 0, '2018-04', 'Apr'),
(82, 70000007, 'NEW YORK HOTDOG', 'HOTDOG', 44, 0, 0, '2018-04', 'Apr'),
(83, 70000008, 'CHEESY DOG HOTDOG', 'HOTDOG', 33, 0, 0, '2018-04', 'Apr'),
(84, 70000009, 'BACON CHEESE BURGER', 'BURGER', 65, 0, 0, '2018-04', 'Apr'),
(85, 70000010, 'CALAMANTEA', 'DRINKS', 14, 0, 0, '2018-04', 'Apr'),
(86, 70000011, 'FRUIT TWIST', 'DRINKS', 14, 0, 0, '2018-04', 'Apr'),
(87, 70000012, 'ICED CHOCO', 'DRINKS', 19, 0, 0, '2018-04', 'Apr'),
(88, 70000013, 'MINERAL WATER', 'DRINKS', 15, 0, 0, '2018-04', 'Apr'),
(89, 70000014, 'SMOOTH BLEND COFFE', 'DRINKS', 11, 0, 0, '2018-04', 'Apr'),
(90, 70000015, 'SUPREME CHEESE', 'OTHER', 10, 2, 20, '2018-04', 'Apr'),
(91, 70000001, 'MINUTE BURGER', 'BURGER', 28, 0, 0, '2018-05', 'May'),
(92, 70000002, 'CHEESE BURGER', 'BURGER', 38, 0, 0, '2018-05', 'May'),
(93, 70000003, 'DOUBLE MINUTE BURGER', 'BURGER', 44, 0, 0, '2018-05', 'May'),
(94, 70000004, 'CHICKEN TIME ', 'BURGER', 32, 0, 0, '2018-05', 'May'),
(95, 70000005, 'CHICKEN TIME WITH CHEESE', 'BURGER', 42, 0, 0, '2018-05', 'May'),
(96, 70000006, 'DOUBLE CHICKEN TIME', 'BURGER', 44, 0, 0, '2018-05', 'May'),
(97, 70000007, 'NEW YORK HOTDOG', 'HOTDOG', 44, 0, 0, '2018-05', 'May'),
(98, 70000008, 'CHEESY DOG HOTDOG', 'HOTDOG', 33, 0, 0, '2018-05', 'May'),
(99, 70000009, 'BACON CHEESE BURGER', 'BURGER', 65, 0, 0, '2018-05', 'May'),
(100, 70000010, 'CALAMANTEA', 'DRINKS', 14, 0, 0, '2018-05', 'May'),
(101, 70000011, 'FRUIT TWIST', 'DRINKS', 14, 0, 0, '2018-05', 'May'),
(102, 70000012, 'ICED CHOCO', 'DRINKS', 19, 0, 0, '2018-05', 'May'),
(103, 70000013, 'MINERAL WATER', 'DRINKS', 15, 0, 0, '2018-05', 'May'),
(104, 70000014, 'SMOOTH BLEND COFFE', 'DRINKS', 11, 0, 0, '2018-05', 'May'),
(105, 70000015, 'SUPREME CHEESE', 'OTHER', 10, 0, 0, '2018-05', 'May'),
(106, 70000016, 'GABRIEL', 'BURGER', 25, 0, 0, '2018-05', 'May'),
(107, 70000001, 'MINUTE BURGER', 'BURGER', 28, 2, 56, '2018-10', 'Oct'),
(108, 70000002, 'CHEESE BURGER', 'BURGER', 38, 0, 0, '2018-10', 'Oct'),
(109, 70000003, 'DOUBLE MINUTE BURGER', 'BURGER', 44, 0, 0, '2018-10', 'Oct'),
(110, 70000004, 'CHICKEN TIME ', 'BURGER', 32, 0, 0, '2018-10', 'Oct'),
(111, 70000005, 'CHICKEN TIME WITH CHEESE', 'BURGER', 42, 0, 0, '2018-10', 'Oct'),
(112, 70000006, 'DOUBLE CHICKEN TIME', 'BURGER', 44, 0, 0, '2018-10', 'Oct'),
(113, 70000007, 'NEW YORK HOTDOG', 'HOTDOG', 44, 0, 0, '2018-10', 'Oct'),
(114, 70000008, 'CHEESY DOG HOTDOG', 'HOTDOG', 33, 0, 0, '2018-10', 'Oct'),
(115, 70000009, 'BACON CHEESE BURGER', 'BURGER', 65, 0, 0, '2018-10', 'Oct'),
(116, 70000010, 'CALAMANTEA', 'DRINKS', 14, 0, 0, '2018-10', 'Oct'),
(117, 70000011, 'FRUIT TWIST', 'DRINKS', 14, 0, 0, '2018-10', 'Oct'),
(118, 70000012, 'ICED CHOCO', 'DRINKS', 19, 0, 0, '2018-10', 'Oct'),
(119, 70000013, 'MINERAL WATER', 'DRINKS', 15, 0, 0, '2018-10', 'Oct'),
(120, 70000014, 'SMOOTH BLEND COFFE', 'DRINKS', 11, 0, 0, '2018-10', 'Oct'),
(121, 70000015, 'SUPREME CHEESE', 'OTHER', 10, 0, 0, '2018-10', 'Oct'),
(122, 70000016, 'GABRIEL', 'BURGER', 25, 0, 0, '2018-10', 'Oct'),
(123, 70000001, 'MINUTE BURGER', 'BURGER', 28, 0, 0, '2018-12', 'Dec'),
(124, 70000002, 'CHEESE BURGER', 'BURGER', 38, 0, 0, '2018-12', 'Dec'),
(125, 70000003, 'DOUBLE MINUTE BURGER', 'BURGER', 44, 0, 0, '2018-12', 'Dec'),
(126, 70000004, 'CHICKEN TIME ', 'BURGER', 32, 0, 0, '2018-12', 'Dec'),
(127, 70000005, 'CHICKEN TIME WITH CHEESE', 'BURGER', 42, 0, 0, '2018-12', 'Dec'),
(128, 70000006, 'DOUBLE CHICKEN TIME', 'BURGER', 44, 0, 0, '2018-12', 'Dec'),
(129, 70000007, 'NEW YORK HOTDOG', 'HOTDOG', 44, 0, 0, '2018-12', 'Dec'),
(130, 70000008, 'CHEESY DOG HOTDOG', 'HOTDOG', 33, 0, 0, '2018-12', 'Dec'),
(131, 70000009, 'BACON CHEESE BURGER', 'BURGER', 65, 0, 0, '2018-12', 'Dec'),
(132, 70000010, 'CALAMANTEA', 'DRINKS', 14, 0, 0, '2018-12', 'Dec'),
(133, 70000011, 'FRUIT TWIST', 'DRINKS', 14, 0, 0, '2018-12', 'Dec'),
(134, 70000012, 'ICED CHOCO', 'DRINKS', 19, 0, 0, '2018-12', 'Dec'),
(135, 70000013, 'MINERAL WATER', 'DRINKS', 15, 0, 0, '2018-12', 'Dec'),
(136, 70000014, 'SMOOTH BLEND COFFE', 'DRINKS', 11, 0, 0, '2018-12', 'Dec'),
(137, 70000015, 'SUPREME CHEESE', 'OTHER', 10, 0, 0, '2018-12', 'Dec'),
(138, 70000016, 'GABRIEL', 'BURGER', 25, 0, 0, '2018-12', 'Dec'),
(139, 70000017, 'BURGER NI JANJAN', 'BURGER', 90, 0, 0, '2018-12', 'Dec');

-- --------------------------------------------------------

--
-- Table structure for table `graph_result_week`
--

CREATE TABLE `graph_result_week` (
  `order_1` int(11) NOT NULL,
  `id` int(20) NOT NULL,
  `name` varchar(60) NOT NULL,
  `category` varchar(60) NOT NULL,
  `price_1` float NOT NULL,
  `total` int(10) NOT NULL,
  `total_cost` int(10) NOT NULL,
  `week_1` varchar(60) NOT NULL,
  `week_2` varchar(60) NOT NULL
) ENGINE=MyISAM DEFAULT CHARSET=latin1;

--
-- Dumping data for table `graph_result_week`
--

INSERT INTO `graph_result_week` (`order_1`, `id`, `name`, `category`, `price_1`, `total`, `total_cost`, `week_1`, `week_2`) VALUES
(77, 70000002, 'CHEESE BURGER', 'BURGER', 38, 10, 380, '2018-03-12', '2018-03-18'),
(76, 70000001, 'MINUTE BURGER', 'BURGER', 28, 10, 280, '2018-03-12', '2018-03-18'),
(75, 70000015, 'SUPREME CHEESE', 'OTHER', 10, 0, 0, '2018-03-05', '2018-03-11'),
(74, 70000014, 'SMOOTH BLEND COFFE', 'DRINKS', 11, 0, 0, '2018-03-05', '2018-03-11'),
(73, 70000013, 'MINERAL WATER', 'DRINKS', 15, 0, 0, '2018-03-05', '2018-03-11'),
(72, 70000012, 'ICED CHOCO', 'DRINKS', 19, 0, 0, '2018-03-05', '2018-03-11'),
(71, 70000011, 'FRUIT TWIST', 'DRINKS', 14, 0, 0, '2018-03-05', '2018-03-11'),
(70, 70000010, 'CALAMANTEA', 'DRINKS', 14, 0, 0, '2018-03-05', '2018-03-11'),
(61, 70000001, 'MINUTE BURGER', 'BURGER', 28, 10, 280, '2018-03-05', '2018-03-11'),
(62, 70000002, 'CHEESE BURGER', 'BURGER', 38, 10, 380, '2018-03-05', '2018-03-11'),
(63, 70000003, 'DOUBLE MINUTE BURGER', 'BURGER', 44, 5, 220, '2018-03-05', '2018-03-11'),
(64, 70000004, 'CHICKEN TIME ', 'BURGER', 32, 10, 320, '2018-03-05', '2018-03-11'),
(65, 70000005, 'CHICKEN TIME WITH CHEESE', 'BURGER', 42, 5, 210, '2018-03-05', '2018-03-11'),
(66, 70000006, 'DOUBLE CHICKEN TIME', 'BURGER', 44, 5, 220, '2018-03-05', '2018-03-11'),
(67, 70000007, 'NEW YORK HOTDOG', 'HOTDOG', 44, 0, 0, '2018-03-05', '2018-03-11'),
(68, 70000008, 'CHEESY DOG HOTDOG', 'HOTDOG', 33, 0, 0, '2018-03-05', '2018-03-11'),
(69, 70000009, 'BACON CHEESE BURGER', 'BURGER', 65, 0, 0, '2018-03-05', '2018-03-11'),
(78, 70000003, 'DOUBLE MINUTE BURGER', 'BURGER', 44, 5, 220, '2018-03-12', '2018-03-18'),
(79, 70000004, 'CHICKEN TIME ', 'BURGER', 32, 5, 160, '2018-03-12', '2018-03-18'),
(80, 70000005, 'CHICKEN TIME WITH CHEESE', 'BURGER', 42, 5, 210, '2018-03-12', '2018-03-18'),
(81, 70000006, 'DOUBLE CHICKEN TIME', 'BURGER', 44, 5, 220, '2018-03-12', '2018-03-18'),
(82, 70000007, 'NEW YORK HOTDOG', 'HOTDOG', 44, 5, 220, '2018-03-12', '2018-03-18'),
(83, 70000008, 'CHEESY DOG HOTDOG', 'HOTDOG', 33, 5, 165, '2018-03-12', '2018-03-18'),
(84, 70000009, 'BACON CHEESE BURGER', 'BURGER', 65, 5, 325, '2018-03-12', '2018-03-18'),
(85, 70000010, 'CALAMANTEA', 'DRINKS', 14, 5, 70, '2018-03-12', '2018-03-18'),
(86, 70000011, 'FRUIT TWIST', 'DRINKS', 14, 5, 70, '2018-03-12', '2018-03-18'),
(87, 70000012, 'ICED CHOCO', 'DRINKS', 19, 5, 95, '2018-03-12', '2018-03-18'),
(88, 70000013, 'MINERAL WATER', 'DRINKS', 15, 5, 75, '2018-03-12', '2018-03-18'),
(89, 70000014, 'SMOOTH BLEND COFFE', 'DRINKS', 11, 5, 55, '2018-03-12', '2018-03-18'),
(90, 70000015, 'SUPREME CHEESE', 'OTHER', 10, 5, 50, '2018-03-12', '2018-03-18'),
(91, 70000001, 'MINUTE BURGER', 'BURGER', 28, 0, 0, '2018-04-09', '2018-04-15'),
(92, 70000002, 'CHEESE BURGER', 'BURGER', 38, 0, 0, '2018-04-09', '2018-04-15'),
(93, 70000003, 'DOUBLE MINUTE BURGER', 'BURGER', 44, 0, 0, '2018-04-09', '2018-04-15'),
(94, 70000004, 'CHICKEN TIME ', 'BURGER', 32, 0, 0, '2018-04-09', '2018-04-15'),
(95, 70000005, 'CHICKEN TIME WITH CHEESE', 'BURGER', 42, 0, 0, '2018-04-09', '2018-04-15'),
(96, 70000006, 'DOUBLE CHICKEN TIME', 'BURGER', 44, 0, 0, '2018-04-09', '2018-04-15'),
(97, 70000007, 'NEW YORK HOTDOG', 'HOTDOG', 44, 0, 0, '2018-04-09', '2018-04-15'),
(98, 70000008, 'CHEESY DOG HOTDOG', 'HOTDOG', 33, 0, 0, '2018-04-09', '2018-04-15'),
(99, 70000009, 'BACON CHEESE BURGER', 'BURGER', 65, 0, 0, '2018-04-09', '2018-04-15'),
(100, 70000010, 'CALAMANTEA', 'DRINKS', 14, 0, 0, '2018-04-09', '2018-04-15'),
(101, 70000011, 'FRUIT TWIST', 'DRINKS', 14, 0, 0, '2018-04-09', '2018-04-15'),
(102, 70000012, 'ICED CHOCO', 'DRINKS', 19, 0, 0, '2018-04-09', '2018-04-15'),
(103, 70000013, 'MINERAL WATER', 'DRINKS', 15, 0, 0, '2018-04-09', '2018-04-15'),
(104, 70000014, 'SMOOTH BLEND COFFE', 'DRINKS', 11, 0, 0, '2018-04-09', '2018-04-15'),
(105, 70000015, 'SUPREME CHEESE', 'OTHER', 10, 0, 0, '2018-04-09', '2018-04-15'),
(106, 70000001, 'MINUTE BURGER', 'BURGER', 28, 52, 1456, '2018-04-16', '2018-04-22'),
(107, 70000002, 'CHEESE BURGER', 'BURGER', 38, 0, 0, '2018-04-16', '2018-04-22'),
(108, 70000003, 'DOUBLE MINUTE BURGER', 'BURGER', 44, 0, 0, '2018-04-16', '2018-04-22'),
(109, 70000004, 'CHICKEN TIME ', 'BURGER', 32, 0, 0, '2018-04-16', '2018-04-22'),
(110, 70000005, 'CHICKEN TIME WITH CHEESE', 'BURGER', 42, 0, 0, '2018-04-16', '2018-04-22'),
(111, 70000006, 'DOUBLE CHICKEN TIME', 'BURGER', 44, 0, 0, '2018-04-16', '2018-04-22'),
(112, 70000007, 'NEW YORK HOTDOG', 'HOTDOG', 44, 0, 0, '2018-04-16', '2018-04-22'),
(113, 70000008, 'CHEESY DOG HOTDOG', 'HOTDOG', 33, 0, 0, '2018-04-16', '2018-04-22'),
(114, 70000009, 'BACON CHEESE BURGER', 'BURGER', 65, 0, 0, '2018-04-16', '2018-04-22'),
(115, 70000010, 'CALAMANTEA', 'DRINKS', 14, 0, 0, '2018-04-16', '2018-04-22'),
(116, 70000011, 'FRUIT TWIST', 'DRINKS', 14, 0, 0, '2018-04-16', '2018-04-22'),
(117, 70000012, 'ICED CHOCO', 'DRINKS', 19, 0, 0, '2018-04-16', '2018-04-22'),
(118, 70000013, 'MINERAL WATER', 'DRINKS', 15, 0, 0, '2018-04-16', '2018-04-22'),
(119, 70000014, 'SMOOTH BLEND COFFE', 'DRINKS', 11, 0, 0, '2018-04-16', '2018-04-22'),
(120, 70000015, 'SUPREME CHEESE', 'OTHER', 10, 2, 20, '2018-04-16', '2018-04-22'),
(121, 70000001, 'MINUTE BURGER', 'BURGER', 28, 0, 0, '2018-04-30', '2018-05-06'),
(122, 70000002, 'CHEESE BURGER', 'BURGER', 38, 0, 0, '2018-04-30', '2018-05-06'),
(123, 70000003, 'DOUBLE MINUTE BURGER', 'BURGER', 44, 0, 0, '2018-04-30', '2018-05-06'),
(124, 70000004, 'CHICKEN TIME ', 'BURGER', 32, 0, 0, '2018-04-30', '2018-05-06'),
(125, 70000005, 'CHICKEN TIME WITH CHEESE', 'BURGER', 42, 0, 0, '2018-04-30', '2018-05-06'),
(126, 70000006, 'DOUBLE CHICKEN TIME', 'BURGER', 44, 0, 0, '2018-04-30', '2018-05-06'),
(127, 70000007, 'NEW YORK HOTDOG', 'HOTDOG', 44, 0, 0, '2018-04-30', '2018-05-06'),
(128, 70000008, 'CHEESY DOG HOTDOG', 'HOTDOG', 33, 0, 0, '2018-04-30', '2018-05-06'),
(129, 70000009, 'BACON CHEESE BURGER', 'BURGER', 65, 0, 0, '2018-04-30', '2018-05-06'),
(130, 70000010, 'CALAMANTEA', 'DRINKS', 14, 0, 0, '2018-04-30', '2018-05-06'),
(131, 70000011, 'FRUIT TWIST', 'DRINKS', 14, 0, 0, '2018-04-30', '2018-05-06'),
(132, 70000012, 'ICED CHOCO', 'DRINKS', 19, 0, 0, '2018-04-30', '2018-05-06'),
(133, 70000013, 'MINERAL WATER', 'DRINKS', 15, 0, 0, '2018-04-30', '2018-05-06'),
(134, 70000014, 'SMOOTH BLEND COFFE', 'DRINKS', 11, 0, 0, '2018-04-30', '2018-05-06'),
(135, 70000015, 'SUPREME CHEESE', 'OTHER', 10, 0, 0, '2018-04-30', '2018-05-06'),
(136, 70000016, 'GABRIEL', 'BURGER', 25, 0, 0, '2018-04-30', '2018-05-06'),
(137, 70000001, 'MINUTE BURGER', 'BURGER', 28, 2, 56, '2018-10-01', '2018-10-07'),
(138, 70000002, 'CHEESE BURGER', 'BURGER', 38, 0, 0, '2018-10-01', '2018-10-07'),
(139, 70000003, 'DOUBLE MINUTE BURGER', 'BURGER', 44, 0, 0, '2018-10-01', '2018-10-07'),
(140, 70000004, 'CHICKEN TIME ', 'BURGER', 32, 0, 0, '2018-10-01', '2018-10-07'),
(141, 70000005, 'CHICKEN TIME WITH CHEESE', 'BURGER', 42, 0, 0, '2018-10-01', '2018-10-07'),
(142, 70000006, 'DOUBLE CHICKEN TIME', 'BURGER', 44, 0, 0, '2018-10-01', '2018-10-07'),
(143, 70000007, 'NEW YORK HOTDOG', 'HOTDOG', 44, 0, 0, '2018-10-01', '2018-10-07'),
(144, 70000008, 'CHEESY DOG HOTDOG', 'HOTDOG', 33, 0, 0, '2018-10-01', '2018-10-07'),
(145, 70000009, 'BACON CHEESE BURGER', 'BURGER', 65, 0, 0, '2018-10-01', '2018-10-07'),
(146, 70000010, 'CALAMANTEA', 'DRINKS', 14, 0, 0, '2018-10-01', '2018-10-07'),
(147, 70000011, 'FRUIT TWIST', 'DRINKS', 14, 0, 0, '2018-10-01', '2018-10-07'),
(148, 70000012, 'ICED CHOCO', 'DRINKS', 19, 0, 0, '2018-10-01', '2018-10-07'),
(149, 70000013, 'MINERAL WATER', 'DRINKS', 15, 0, 0, '2018-10-01', '2018-10-07'),
(150, 70000014, 'SMOOTH BLEND COFFE', 'DRINKS', 11, 0, 0, '2018-10-01', '2018-10-07'),
(151, 70000015, 'SUPREME CHEESE', 'OTHER', 10, 0, 0, '2018-10-01', '2018-10-07'),
(152, 70000016, 'GABRIEL', 'BURGER', 25, 0, 0, '2018-10-01', '2018-10-07'),
(153, 70000001, 'MINUTE BURGER', 'BURGER', 28, 0, 0, '2018-12-17', '2018-12-23'),
(154, 70000002, 'CHEESE BURGER', 'BURGER', 38, 0, 0, '2018-12-17', '2018-12-23'),
(155, 70000003, 'DOUBLE MINUTE BURGER', 'BURGER', 44, 0, 0, '2018-12-17', '2018-12-23'),
(156, 70000004, 'CHICKEN TIME ', 'BURGER', 32, 0, 0, '2018-12-17', '2018-12-23'),
(157, 70000005, 'CHICKEN TIME WITH CHEESE', 'BURGER', 42, 0, 0, '2018-12-17', '2018-12-23'),
(158, 70000006, 'DOUBLE CHICKEN TIME', 'BURGER', 44, 0, 0, '2018-12-17', '2018-12-23'),
(159, 70000007, 'NEW YORK HOTDOG', 'HOTDOG', 44, 0, 0, '2018-12-17', '2018-12-23'),
(160, 70000008, 'CHEESY DOG HOTDOG', 'HOTDOG', 33, 0, 0, '2018-12-17', '2018-12-23'),
(161, 70000009, 'BACON CHEESE BURGER', 'BURGER', 65, 0, 0, '2018-12-17', '2018-12-23'),
(162, 70000010, 'CALAMANTEA', 'DRINKS', 14, 0, 0, '2018-12-17', '2018-12-23'),
(163, 70000011, 'FRUIT TWIST', 'DRINKS', 14, 0, 0, '2018-12-17', '2018-12-23'),
(164, 70000012, 'ICED CHOCO', 'DRINKS', 19, 0, 0, '2018-12-17', '2018-12-23'),
(165, 70000013, 'MINERAL WATER', 'DRINKS', 15, 0, 0, '2018-12-17', '2018-12-23'),
(166, 70000014, 'SMOOTH BLEND COFFE', 'DRINKS', 11, 0, 0, '2018-12-17', '2018-12-23'),
(167, 70000015, 'SUPREME CHEESE', 'OTHER', 10, 0, 0, '2018-12-17', '2018-12-23'),
(168, 70000016, 'GABRIEL', 'BURGER', 25, 0, 0, '2018-12-17', '2018-12-23'),
(169, 70000017, 'BURGER NI JANJAN', 'BURGER', 90, 0, 0, '2018-12-17', '2018-12-23');

-- --------------------------------------------------------

--
-- Table structure for table `minute_login`
--

CREATE TABLE `minute_login` (
  `minute_user` varchar(16) NOT NULL,
  `minute_password` varchar(16) NOT NULL,
  `minute_position` varchar(16) NOT NULL
) ENGINE=MyISAM DEFAULT CHARSET=latin1;

--
-- Dumping data for table `minute_login`
--

INSERT INTO `minute_login` (`minute_user`, `minute_password`, `minute_position`) VALUES
('admin', 'password', 'admin'),
('minute_casheir', 'minute', 'casheir');

-- --------------------------------------------------------

--
-- Table structure for table `minute_product`
--

CREATE TABLE `minute_product` (
  `product_id` int(8) NOT NULL,
  `product_name` varchar(60) NOT NULL,
  `product_category` varchar(60) NOT NULL,
  `product_price` float NOT NULL,
  `product_bun` varchar(60) NOT NULL,
  `product_patty` varchar(60) NOT NULL,
  `product_dressing` varchar(60) NOT NULL,
  `add_on` varchar(60) NOT NULL,
  `status` varchar(50) NOT NULL
) ENGINE=MyISAM DEFAULT CHARSET=latin1;

--
-- Dumping data for table `minute_product`
--

INSERT INTO `minute_product` (`product_id`, `product_name`, `product_category`, `product_price`, `product_bun`, `product_patty`, `product_dressing`, `add_on`, `status`) VALUES
(70000001, 'MINUTE BURGER', 'BURGER', 28, 'HAMBURGER BUNS', 'VALUE PATTY', 'MAYONNAISE', 'NONE', 'AVAILABLE'),
(70000002, 'CHEESE BURGER', 'BURGER', 38, 'HAMBURGER BUNS', 'VALUE PATTY', 'MAYONNAISE', 'SUPREME CHEESE', 'AVAILABLE'),
(70000003, 'DOUBLE MINUTE BURGER', 'BURGER', 44, 'DOUBLE MINUTE BURGER BUNS', 'VALUE PATTY', 'MAYONNAISE', 'NONE', 'AVAILABLE'),
(70000004, 'CHICKEN TIME ', 'BURGER', 32, 'HAMBURGER BUNS', 'CHICKEN PATTY', 'MAYONNAISE', 'NONE', 'AVAILABLE'),
(70000005, 'CHICKEN TIME WITH CHEESE', 'BURGER', 42, 'HAMBURGER BUNS', 'CHICKEN PATTY', 'MAYONNAISE', 'SUPREME CHEESE', 'AVAILABLE'),
(70000006, 'DOUBLE CHICKEN TIME', 'BURGER', 44, 'DOUBLE MINUTE BURGER BUNS', 'CHICKEN PATTY', 'MAYONNAISE', 'NONE', 'AVAILABLE'),
(70000007, 'NEW YORK HOTDOG', 'HOTDOG', 44, 'HOTDOG BUNS', 'NEW YORK HOTDOG', 'MAYONNAISE', 'NONE', 'AVAILABLE'),
(70000008, 'CHEESY DOG HOTDOG', 'HOTDOG', 33, 'HOTDOG BUNS', 'CHEESEDOG', 'MAYONNAISE', 'NONE', 'AVAILABLE'),
(70000009, 'BACON CHEESE BURGER', 'BURGER', 65, 'HAMBURGER BUNS', 'PREMIUM PATTY', 'CHEESE', 'BACON', 'AVAILABLE'),
(70000010, 'CALAMANTEA', 'DRINKS', 14, 'CALAMANTEA', '16 OZ CUP', 'NONE', 'NONE', 'AVAILABLE'),
(70000011, 'FRUIT TWIST', 'DRINKS', 14, 'FRUIT TWIST', '16 OZ CUP', 'NONE', 'NONE', 'AVAILABLE'),
(70000012, 'ICED CHOCO', 'DRINKS', 19, 'ICED CHOCO', '16 OZ CUP', 'NONE', 'NONE', 'AVAILABLE'),
(70000013, 'MINERAL WATER', 'DRINKS', 15, 'H20 500 ML', 'NONE', 'NONE', 'NONE', 'AVAILABLE'),
(70000014, 'SMOOTH BLEND COFFE', 'DRINKS', 11, 'RIT MIX', '6.5 OZ CUPS', 'NONE', 'NONE', 'AVAILABLE'),
(70000015, 'SUPREME CHEESE', 'OTHER', 10, 'NONE', 'NONE', 'NONE', 'SUPREME CHEESE', 'AVAILABLE'),
(70000016, 'GABRIEL', 'BURGER', 25, 'HAMBURGER BUNS', 'CHICKEN PATTY', 'MAYONNAISE', 'NONE', 'AVAILABLE'),
(70000017, 'BURGER NI JANJAN', 'BURGER', 90, 'DOUBLE MINUTE BURGER BUNS', 'CHICKEN PATTY', 'MAYONNAISE', 'SUPREME CHEESE', 'AVAILABLE');

-- --------------------------------------------------------

--
-- Table structure for table `minute_sales`
--

CREATE TABLE `minute_sales` (
  `order` int(10) NOT NULL,
  `id` int(11) NOT NULL,
  `name` varchar(50) NOT NULL,
  `category` varchar(50) NOT NULL,
  `price` float NOT NULL,
  `total` int(10) NOT NULL,
  `date` varchar(50) NOT NULL,
  `time` varchar(50) NOT NULL
) ENGINE=MyISAM DEFAULT CHARSET=latin1;

-- --------------------------------------------------------

--
-- Table structure for table `minute_sales_report`
--

CREATE TABLE `minute_sales_report` (
  `order_1` int(11) NOT NULL,
  `id` int(50) NOT NULL,
  `name` varchar(50) NOT NULL,
  `category` varchar(20) NOT NULL,
  `price` float NOT NULL,
  `total` int(20) NOT NULL,
  `total_cost` int(20) NOT NULL,
  `date_1` varchar(20) NOT NULL,
  `time_1` varchar(29) NOT NULL,
  `month_name` varchar(60) NOT NULL
) ENGINE=MyISAM DEFAULT CHARSET=latin1;

--
-- Dumping data for table `minute_sales_report`
--

INSERT INTO `minute_sales_report` (`order_1`, `id`, `name`, `category`, `price`, `total`, `total_cost`, `date_1`, `time_1`, `month_name`) VALUES
(149, 70000001, 'MINUTE BURGER', 'BURGER', 28, 5, 140, '2018-03-11', '11:43:38PM', 'Mar'),
(147, 70000004, 'CHICKEN TIME ', 'BURGER', 32, 5, 160, '2018-03-11', '11:42:34PM', 'Mar'),
(148, 70000006, 'DOUBLE CHICKEN TIME', 'BURGER', 44, 5, 220, '2018-03-11', '11:42:34PM', 'Mar'),
(146, 70000002, 'CHEESE BURGER', 'BURGER', 38, 5, 190, '2018-03-11', '11:42:34PM', 'Mar'),
(145, 70000001, 'MINUTE BURGER', 'BURGER', 28, 5, 140, '2018-03-11', '11:42:34PM', 'Mar'),
(150, 70000002, 'CHEESE BURGER', 'BURGER', 38, 5, 190, '2018-03-11', '11:43:38PM', 'Mar'),
(151, 70000003, 'DOUBLE MINUTE BURGER', 'BURGER', 44, 5, 220, '2018-03-11', '11:43:38PM', 'Mar'),
(152, 70000004, 'CHICKEN TIME ', 'BURGER', 32, 5, 160, '2018-03-11', '11:43:38PM', 'Mar'),
(153, 70000005, 'CHICKEN TIME WITH CHEESE', 'BURGER', 42, 5, 210, '2018-03-11', '11:43:38PM', 'Mar'),
(154, 70000001, 'MINUTE BURGER', 'BURGER', 28, 5, 140, '2018-03-12', '12:13:25AM', 'Mar'),
(155, 70000001, 'MINUTE BURGER', 'BURGER', 28, 5, 140, '2018-03-12', '03:43:09AM', 'Mar'),
(156, 70000002, 'CHEESE BURGER', 'BURGER', 38, 10, 380, '2018-03-12', '03:43:09AM', 'Mar'),
(157, 70000003, 'DOUBLE MINUTE BURGER', 'BURGER', 44, 5, 220, '2018-03-12', '03:43:09AM', 'Mar'),
(158, 70000004, 'CHICKEN TIME ', 'BURGER', 32, 5, 160, '2018-03-12', '03:43:09AM', 'Mar'),
(159, 70000005, 'CHICKEN TIME WITH CHEESE', 'BURGER', 42, 5, 210, '2018-03-12', '03:43:09AM', 'Mar'),
(160, 70000006, 'DOUBLE CHICKEN TIME', 'BURGER', 44, 5, 220, '2018-03-12', '03:43:09AM', 'Mar'),
(161, 70000007, 'NEW YORK HOTDOG', 'HOTDOG', 44, 5, 220, '2018-03-12', '03:43:09AM', 'Mar'),
(162, 70000008, 'CHEESY DOG HOTDOG', 'HOTDOG', 33, 5, 165, '2018-03-12', '03:43:09AM', 'Mar'),
(163, 70000009, 'BACON CHEESE BURGER', 'BURGER', 65, 5, 325, '2018-03-12', '03:43:09AM', 'Mar'),
(164, 70000010, 'CALAMANTEA', 'DRINKS', 14, 5, 70, '2018-03-12', '03:43:09AM', 'Mar'),
(165, 70000011, 'FRUIT TWIST', 'DRINKS', 14, 5, 70, '2018-03-12', '03:43:09AM', 'Mar'),
(166, 70000012, 'ICED CHOCO', 'DRINKS', 19, 5, 95, '2018-03-12', '03:43:09AM', 'Mar'),
(167, 70000013, 'MINERAL WATER', 'DRINKS', 15, 5, 75, '2018-03-12', '03:43:09AM', 'Mar'),
(168, 70000014, 'SMOOTH BLEND COFFE', 'DRINKS', 11, 5, 55, '2018-03-12', '03:43:09AM', 'Mar'),
(169, 70000015, 'SUPREME CHEESE', 'OTHER', 10, 5, 50, '2018-03-12', '03:43:09AM', 'Mar'),
(170, 70000001, 'MINUTE BURGER', 'BURGER', 28, 52, 1456, '2018-04-19', '01:10:12PM', 'Apr'),
(171, 70000015, 'SUPREME CHEESE', 'OTHER', 10, 2, 20, '2018-04-19', '04:40:47PM', 'Apr'),
(172, 70000001, 'MINUTE BURGER', 'BURGER', 28, 2, 56, '2018-10-02', '05:19:35PM', 'Oct'),
(173, 70000017, 'BURGER NI JANJAN', 'BURGER', 90, 6, 540, '2018-10-02', '05:39:00PM', 'Oct');

-- --------------------------------------------------------

--
-- Table structure for table `minute_stock`
--

CREATE TABLE `minute_stock` (
  `stock_id` int(8) NOT NULL,
  `stock_name` varchar(50) NOT NULL,
  `stock_supplier` varchar(50) NOT NULL,
  `stock_category` varchar(50) NOT NULL,
  `stock_price` float NOT NULL,
  `stock_quantity` int(4) NOT NULL,
  `status` varchar(50) NOT NULL
) ENGINE=MyISAM DEFAULT CHARSET=latin1;

--
-- Dumping data for table `minute_stock`
--

INSERT INTO `minute_stock` (`stock_id`, `stock_name`, `stock_supplier`, `stock_category`, `stock_price`, `stock_quantity`, `status`) VALUES
(10000003, 'HOTDOG BUNS', 'Leslie Corporation And Company', 'BUNS', 15, 546, 'GOOD'),
(10000002, 'DOUBLE MINUTE BURGER BUNS', 'Leslie Corporation And Company', 'BUNS', 15, 456, 'GOOD'),
(10000001, 'HAMBURGER BUNS', 'Leslie Corporation And Company', 'BUNS', 12, 48, 'GOOD'),
(10000004, 'CHEESEDOG', 'Leslie Corporation And Company', 'HOTDOG', 15, 574, 'GOOD'),
(10000005, 'CHICKEN PATTY', 'Leslie Corporation And Company', 'PATTY', 10, 436, 'GOOD'),
(10000006, 'OATMEAL BUNS', 'Leslie Corporation And Company', 'BUNS', 10, 600, 'GOOD'),
(10000007, 'PREMIUM PATTY', 'Leslie Corporation And Company', 'PATTY', 15, 60, 'GOOD'),
(10000008, 'OATMEAL HOTDOG BUNS', 'Leslie Corporation And Company', 'BUNS', 15, 600, 'GOOD'),
(10000009, 'PANDESAL', 'Leslie Corporation And Company', 'BUNS', 15, 600, 'GOOD'),
(10000010, 'PREMIUM COLESLAWS', 'Leslie Corporation And Company', 'BUNS', 20, 600, 'GOOD'),
(10000011, 'BACON', 'Leslie Corporation And Company', 'OTHER', 25, 70, 'GOOD'),
(10000012, 'ROASTED MUSHROOM', 'Leslie Corporation And Company', 'OTHER', 20, 100, 'GOOD'),
(10000013, 'CARAMELIZED ONION', 'Leslie Corporation And Company', 'OTHER', 5, 100, 'GOOD'),
(10000014, 'HOTDOG FRANKS', 'Leslie Corporation And Company', 'OTHER', 13, 100, 'GOOD'),
(10000015, 'SWEET HAM', 'Leslie Corporation And Company', 'OTHER', 15, 100, 'GOOD'),
(10000016, 'CORNED BEEF', 'Leslie Corporation And Company', 'OTHER', 15, 100, 'GOOD'),
(10000088, 'MAYONNAISE', 'Leslie Corporation And Company', 'DRESSING', 10, 84, 'GOOD'),
(10000019, 'CHICKEN PEPPER DOG', 'Leslie Corporation And Company', 'HOTDOG', 15, 100, 'GOOD'),
(10000020, 'CHEESE', 'Leslie Corporation And Company', 'DRESSING', 15, 70, 'GOOD'),
(10000061, 'VALUE PATTY', 'Leslie Corporation And Company', 'PATTY', 10, 96, 'GOOD'),
(10000062, 'NEW YORK HOTDOG', 'Leslie Corporation And Company', 'HOTDOG', 10, 72, 'GOOD'),
(10000063, 'WASABI', 'Leslie Corporation And Company', 'OTHER', 10, 100, 'GOOD'),
(10000064, 'EGG', 'Leslie Corporation And Company', 'OTHER', 6, 100, 'GOOD'),
(10000065, 'COLESLAWS', 'Leslie Corporation And Company', 'OTHER', 10, 100, 'GOOD'),
(10000066, 'BACON BITS', 'Leslie Corporation And Company', 'OTHER', 12, 100, 'GOOD'),
(10000067, 'FRUIT TWIST', 'Leslie Corporation And Company', 'DRINKS', 12, 74, 'GOOD'),
(10000068, 'CALAMANTEA', 'Leslie Corporation And Company', 'DRINKS', 12, 64, 'GOOD'),
(10000069, 'RIT MIX', 'Leslie Corporation And Company', 'DRINKS', 12, 74, 'GOOD'),
(10000070, 'PMJ MIX', 'Leslie Corporation And Company', 'DRINKS', 12, 100, 'GOOD'),
(10000071, 'HOT COFFEE', 'Leslie Corporation And Company', 'DRINKS', 12, 100, 'GOOD'),
(10000072, 'HOT CHOCO', 'Leslie Corporation And Company', 'DRINKS', 12, 100, 'GOOD'),
(10000073, 'ICED CHOCO', 'Leslie Corporation And Company', 'DRINKS', 12, 74, 'GOOD'),
(10000074, 'GM VANILLA 12OZ.  ', 'Leslie Corporation And Company', 'DRINKS', 12, 100, 'GOOD'),
(10000075, 'GM STRAWBERRY 12OZ.  ', 'Leslie Corporation And Company', 'DRINKS', 12, 100, 'GOOD'),
(10000076, 'GM HONEY MELON 12OZ.', 'Leslie Corporation And Company', 'DRINKS', 12, 100, 'GOOD'),
(10000078, 'H20 500 ML', 'Leslie Corporation And Company', 'DRINKS', 12, 74, 'GOOD'),
(10000077, 'GM PURPLE TARO 12 OZ', 'Leslie Corporation And Company', 'DRINKS', 12, 100, 'GOOD'),
(10000079, 'SOFTDRNKS IN CAN - PEPSI', 'Leslie Corporation And Company', 'DRINKS', 12, 100, 'GOOD'),
(10000080, '7 UP', 'Leslie Corporation And Company', 'DRINKS', 12, 100, 'GOOD'),
(10000081, 'MOUNTAIN DEW', 'Leslie Corporation And Company', 'DRINKS', 12, 100, 'GOOD'),
(10000082, '16 OZ CUP', 'Leslie Corporation And Company', 'CUPS', 5, 222, 'GOOD'),
(10000083, 'GM 12OZ CUPS', 'Leslie Corporation And Company', 'CUPS', 10, 100, 'GOOD'),
(10000084, '6.5 OZ CUPS', 'Leslie Corporation And Company', 'CUPS', 8, 74, 'GOOD'),
(10000092, 'SUPREME CHEESE', 'Leslie Corporation And Company', 'OTHER', 12, 108, 'GOOD');

-- --------------------------------------------------------

--
-- Table structure for table `minute_supplier`
--

CREATE TABLE `minute_supplier` (
  `minute_supplier_id` int(16) NOT NULL,
  `minute_supplier_name` varchar(50) NOT NULL,
  `minute_supplier_number` bigint(11) NOT NULL,
  `minute_supplier_company` varchar(50) NOT NULL,
  `minute_supplier_address` varchar(50) NOT NULL
) ENGINE=MyISAM DEFAULT CHARSET=latin1;

--
-- Dumping data for table `minute_supplier`
--

INSERT INTO `minute_supplier` (`minute_supplier_id`, `minute_supplier_name`, `minute_supplier_number`, `minute_supplier_company`, `minute_supplier_address`) VALUES
(20180001, 'Neil Bryan Lagrimas', 9295901342, 'Leslie Corporation And Company', 'Davao City'),
(20180003, 'Kent Lagrimas', 9295901342, 'Amd Gaming Company And Rig', 'Calinan Davao City');

-- --------------------------------------------------------

--
-- Table structure for table `minute_supplier_product`
--

CREATE TABLE `minute_supplier_product` (
  `supply_product_id` int(30) NOT NULL,
  `supply_product_name` varchar(50) NOT NULL,
  `supply_product_supplier` varchar(50) NOT NULL,
  `supply_product__category` varchar(50) NOT NULL,
  `supply_product_price` int(10) NOT NULL
) ENGINE=MyISAM DEFAULT CHARSET=latin1;

--
-- Dumping data for table `minute_supplier_product`
--

INSERT INTO `minute_supplier_product` (`supply_product_id`, `supply_product_name`, `supply_product_supplier`, `supply_product__category`, `supply_product_price`) VALUES
(10000009, 'PANDESAL', 'Leslie Corporation And Company', 'BUNS', 15),
(10000008, 'OATMEAL HOTDOG BUNS', 'Leslie Corporation And Company', 'BUNS', 15),
(10000007, 'PREMIUM PATTY', 'Leslie Corporation And Company', 'PATTY', 15),
(10000006, 'OATMEAL BUNS', 'Leslie Corporation And Company', 'BUNS', 10),
(10000005, 'CHICKEN PATTY', 'Leslie Corporation And Company', 'PATTY', 10),
(10000004, 'CHEESEDOG', 'Leslie Corporation And Company', 'HOTDOG', 15),
(10000003, 'HOTDOG BUNS', 'Leslie Corporation And Company', 'BUNS', 15),
(10000002, 'DOUBLE MINUTE BURGER BUNS', 'Leslie Corporation And Company', 'BUNS', 20),
(10000001, 'HAMBURGER BUNS', 'Leslie Corporation And Company', 'BUNS', 12),
(10000010, 'PREMIUM COLESLAWS', 'Leslie Corporation And Company', 'BUNS', 20),
(10000011, 'BACON', 'Leslie Corporation And Company', 'OTHER', 25),
(10000012, 'ROASTED MUSHROOM', 'Leslie Corporation And Company', 'OTHER', 20),
(10000013, 'CARAMELIZED ONION', 'Leslie Corporation And Company', 'OTHER', 5),
(10000014, 'HOTDOG FRANKS', 'Leslie Corporation And Company', 'OTHER', 13),
(10000015, 'SWEET HAM', 'Leslie Corporation And Company', 'OTHER', 15),
(10000016, 'CORNED BEEF', 'Leslie Corporation And Company', 'OTHER', 15),
(10000088, 'MAYONNAISE', 'Leslie Corporation And Company', 'DRESSING', 10),
(10000019, 'CHICKEN PEPPER DOG', 'Leslie Corporation And Company', 'HOTDOG', 15),
(10000020, 'CHEESE', 'Leslie Corporation And Company', 'DRESSING', 15),
(10000061, 'VALUE PATTY', 'Leslie Corporation And Company', 'PATTY', 10),
(10000057, 'RYZEN 1200', 'Amd Gaming Company And Rig', 'CUPS', 12),
(10000030, 'RYZEN 3', 'Amd Gaming Company And Rig', 'CUPS', 1213),
(10000031, 'RYZEN 5', 'Amd Gaming Company And Rig', 'BUNS', 12321),
(10000032, 'RYZEN 7', 'Amd Gaming Company And Rig', 'DRINKS', 12312),
(10000062, 'NEW YORK HOTDOG', 'Leslie Corporation And Company', 'HOTDOG', 10),
(10000063, 'WASABI', 'Leslie Corporation And Company', 'OTHER', 10),
(10000064, 'EGG', 'Leslie Corporation And Company', 'OTHER', 6),
(10000065, 'COLESLAWS', 'Leslie Corporation And Company', 'OTHER', 10),
(10000066, 'BACON BITS', 'Leslie Corporation And Company', 'OTHER', 12),
(10000067, 'FRUIT TWIST', 'Leslie Corporation And Company', 'DRINKS', 12),
(10000068, 'CALAMANTEA', 'Leslie Corporation And Company', 'DRINKS', 12),
(10000069, 'RIT MIX', 'Leslie Corporation And Company', 'DRINKS', 12),
(10000070, 'PMJ MIX', 'Leslie Corporation And Company', 'DRINKS', 12),
(10000071, 'HOT COFFEE', 'Leslie Corporation And Company', 'DRINKS', 12),
(10000072, 'HOT CHOCO', 'Leslie Corporation And Company', 'DRINKS', 12),
(10000073, 'ICED CHOCO', 'Leslie Corporation And Company', 'DRINKS', 12),
(10000074, 'GM VANILLA 12OZ.  ', 'Leslie Corporation And Company', 'DRINKS', 12),
(10000075, 'GM STRAWBERRY 12OZ.  ', 'Leslie Corporation And Company', 'DRINKS', 12),
(10000076, 'GM HONEY MELON 12OZ.', 'Leslie Corporation And Company', 'DRINKS', 12),
(10000077, 'GM PURPLE TARO 12 OZ', 'Leslie Corporation And Company', 'DRINKS', 12),
(10000078, 'H20 500 ML', 'Leslie Corporation And Company', 'DRINKS', 12),
(10000079, 'SOFTDRNKS IN CAN - PEPSI', 'Leslie Corporation And Company', 'DRINKS', 12),
(10000080, '7 UP', 'Leslie Corporation And Company', 'DRINKS', 12),
(10000081, 'MOUNTAIN DEW', 'Leslie Corporation And Company', 'DRINKS', 12),
(10000082, '16 OZ CUP', 'Leslie Corporation And Company', 'CUPS', 5),
(10000083, 'GM 12OZ CUPS', 'Leslie Corporation And Company', 'CUPS', 10),
(10000084, '6.5 OZ CUPS', 'Leslie Corporation And Company', 'CUPS', 8),
(10000092, 'SUPREME CHEESE', 'Leslie Corporation And Company', 'OTHER', 12);

-- --------------------------------------------------------

--
-- Table structure for table `stock_inventory`
--

CREATE TABLE `stock_inventory` (
  `id` int(8) NOT NULL,
  `name` varchar(50) NOT NULL,
  `supplier` varchar(50) NOT NULL,
  `category` varchar(50) NOT NULL,
  `price` float NOT NULL,
  `quantity` int(8) NOT NULL
) ENGINE=MyISAM DEFAULT CHARSET=latin1;

-- --------------------------------------------------------

--
-- Table structure for table `supplier_product`
--

CREATE TABLE `supplier_product` (
  `id` int(8) NOT NULL,
  `item_name` varchar(60) NOT NULL,
  `item_supplier` varchar(60) NOT NULL,
  `item_category` varchar(60) NOT NULL,
  `item_price` float NOT NULL
) ENGINE=MyISAM DEFAULT CHARSET=latin1;

--
-- Indexes for dumped tables
--

--
-- Indexes for table `graph_result`
--
ALTER TABLE `graph_result`
  ADD PRIMARY KEY (`order_1`);

--
-- Indexes for table `graph_result_month`
--
ALTER TABLE `graph_result_month`
  ADD PRIMARY KEY (`order_1`);

--
-- Indexes for table `graph_result_week`
--
ALTER TABLE `graph_result_week`
  ADD PRIMARY KEY (`order_1`);

--
-- Indexes for table `minute_login`
--
ALTER TABLE `minute_login`
  ADD PRIMARY KEY (`minute_user`);

--
-- Indexes for table `minute_product`
--
ALTER TABLE `minute_product`
  ADD PRIMARY KEY (`product_id`),
  ADD UNIQUE KEY `product_name` (`product_name`);

--
-- Indexes for table `minute_sales`
--
ALTER TABLE `minute_sales`
  ADD PRIMARY KEY (`order`),
  ADD UNIQUE KEY `time` (`time`),
  ADD UNIQUE KEY `name` (`name`);

--
-- Indexes for table `minute_sales_report`
--
ALTER TABLE `minute_sales_report`
  ADD PRIMARY KEY (`order_1`);

--
-- Indexes for table `minute_stock`
--
ALTER TABLE `minute_stock`
  ADD PRIMARY KEY (`stock_id`);

--
-- Indexes for table `minute_supplier`
--
ALTER TABLE `minute_supplier`
  ADD PRIMARY KEY (`minute_supplier_id`),
  ADD UNIQUE KEY `minute_supplier_company` (`minute_supplier_company`);

--
-- Indexes for table `minute_supplier_product`
--
ALTER TABLE `minute_supplier_product`
  ADD PRIMARY KEY (`supply_product_id`);

--
-- Indexes for table `stock_inventory`
--
ALTER TABLE `stock_inventory`
  ADD PRIMARY KEY (`id`);

--
-- Indexes for table `supplier_product`
--
ALTER TABLE `supplier_product`
  ADD PRIMARY KEY (`id`),
  ADD UNIQUE KEY `item_name` (`item_name`);

--
-- AUTO_INCREMENT for dumped tables
--

--
-- AUTO_INCREMENT for table `graph_result`
--
ALTER TABLE `graph_result`
  MODIFY `order_1` int(11) NOT NULL AUTO_INCREMENT, AUTO_INCREMENT=215;
--
-- AUTO_INCREMENT for table `graph_result_month`
--
ALTER TABLE `graph_result_month`
  MODIFY `order_1` int(11) NOT NULL AUTO_INCREMENT, AUTO_INCREMENT=140;
--
-- AUTO_INCREMENT for table `graph_result_week`
--
ALTER TABLE `graph_result_week`
  MODIFY `order_1` int(11) NOT NULL AUTO_INCREMENT, AUTO_INCREMENT=170;
--
-- AUTO_INCREMENT for table `minute_product`
--
ALTER TABLE `minute_product`
  MODIFY `product_id` int(8) NOT NULL AUTO_INCREMENT, AUTO_INCREMENT=70000018;
--
-- AUTO_INCREMENT for table `minute_sales`
--
ALTER TABLE `minute_sales`
  MODIFY `order` int(10) NOT NULL AUTO_INCREMENT, AUTO_INCREMENT=81;
--
-- AUTO_INCREMENT for table `minute_sales_report`
--
ALTER TABLE `minute_sales_report`
  MODIFY `order_1` int(11) NOT NULL AUTO_INCREMENT, AUTO_INCREMENT=174;
--
-- AUTO_INCREMENT for table `minute_supplier`
--
ALTER TABLE `minute_supplier`
  MODIFY `minute_supplier_id` int(16) NOT NULL AUTO_INCREMENT, AUTO_INCREMENT=20180017;
--
-- AUTO_INCREMENT for table `supplier_product`
--
ALTER TABLE `supplier_product`
  MODIFY `id` int(8) NOT NULL AUTO_INCREMENT, AUTO_INCREMENT=10000093;
/*!40101 SET CHARACTER_SET_CLIENT=@OLD_CHARACTER_SET_CLIENT */;
/*!40101 SET CHARACTER_SET_RESULTS=@OLD_CHARACTER_SET_RESULTS */;
/*!40101 SET COLLATION_CONNECTION=@OLD_COLLATION_CONNECTION */;
